TCP,EEBO,VID,STC,Status,Title,Terms
A00002,99850634,15849,STC 1000.5; ESTC S115415,Free,"The brides ornaments viz. fiue meditations, morall and diuine. 1. Knowledge, 2. zeale, 3. temperance, 4. bountie, 5. ioy.",
A00005,99842408,7058,STC 10000; ESTC S106695,Free,Here begynneth a shorte and abreue table on the Cronycles ...; Saint Albans chronicle.,Great Britain -- History -- To 1485 -- Early works to 1800.; England -- Description and travel -- Early works to 1800.
A00007,99844302,9101,STC 10002; ESTC S108645,Free,"The Cronycles of Englonde with the dedes of popes and emperours, and also the descripcyon of Englonde; Saint Albans chronicle.",Great Britain -- History -- To 1485 -- Early works to 1800.; England -- Description and travel -- Early works to 1800.
A00008,99848896,14017,STC 10003; ESTC S113665,Free,Considerations vpon the treaty of marriage between England and Spain,Great Britain -- Foreign relations -- Spain.
A00011,99837000,1304,STC 10008; ESTC S101178,Free,"Englands complaint to Iesus Christ, against the bishops canons of the late sinfull synod, a seditious conuenticle, a packe of hypocrites, a sworne confederacy, a traiterous conspiracy ... In this complaint are specified those impieties and insolencies, which are most notorious, scattered through the canons and constitutions of the said sinfull synod. And confuted by arguments annexed hereunto.",Church of England. -- Thirty-nine Articles -- Controversial literature.; Canon law -- Early works to 1800.
A00012,99853871,19269,STC 1001; ESTC S118664,Free,"Ioseph, or, Pharoah's fauourite; Joseph.",Joseph -- (Son of Jacob) -- Early works to 1800.
A00014,33143147,28259,STC 10011.6; ESTC S3200,Free,Greate Brittaines noble and worthy councell of warr,"England and Wales. -- Privy Council -- Portraits.; Great Britain -- History -- James I, 1603-1625.; Broadsides -- London (England) -- 17th century."
A00015,99837006,1310,STC 10011; ESTC S101184,Free,"Gods vvarning to his people of England By the great ouer-flowing of the vvaters or floudes lately hapned in South-wales and many other places. Wherein is described the great losses, and wonderfull damages, that hapned thereby: by the drowning of many townes and villages, to the vtter vndooing of many thousandes of people.",Floods -- Wales -- Early works to 1800.
A00018,99850740,15965,STC 10015; ESTC S115521,Free,The lame[n]tacion of England; Lamentacion of England.,"Great Britain -- History -- Mary I, 1553-1558 -- Early works to 1800."
A00021,99836999,1303,STC 10017; ESTC S101177,Free,"A letter vvritten out of England to an English gentleman remaining at Padua containing a true report of a strange conspiracie, contriued betweene Edward Squire, lately executed for the same treason as actor, and Richard Walpoole a Iesuite, as deuiser and suborner against the person of the Queenes Maiestie.","Squire, Edward, d. 1598.; Walpole, Richard, 1564-1607.; Great Britain -- History -- Elizabeth, 1558-1603 -- Early works to 1800."
A00024,99853869,19267,STC 1002; ESTC S118662,Free,"Peace with her foure garders Viz. fiue morall meditations: of concord, chastitie, constancie. Courtesie. Grauitie. Eschew euill, and doe good, seeke peace and ensue it.",Conduct of life -- Early works to 1800.
A00025,29905398,28125,STC 10020.5; ESTC S3065,Free,"The Royall line of kings, queenes, and princes, from the vniting of the two royall houses, Yorke and Lancaster","Elizabeth, -- Queen, consort of Frederick I, King of Bohemia, 1596-1662.; Frederick -- I, -- King of Bohemia, 1596-1632.; Great Britain -- Kings and rulers.; Broadsides -- England -- 17th century."
A00026,29900271,28115,STC 10021.7; ESTC S3055,Free,"A Table of the cheiffest citties, and townes in England, as they ly [sic] from London and the distance of miles, howe a man may travill from London to any of them or from any of them to London.",Great Britain -- Cities and towns.; Broadsides -- London (England) -- 16th century.
A00028,23006728,26061,STC 10023.5; ESTC S2071,Free,"A True chronologi of all the kings of England from Brute, the first king vnto our most sacred King Charles mo[n]arke of ye whole yies.",Great Britain -- Kings and rulers -- Succession.; Great Britain -- History.
A00033,22839131,25796,STC 10029.5; ESTC S846,Free,"Aduertisments partly for due order in the publique administration of common prayers and vsinge the holy sacramentes, and partly for the apparrell of all persons ecclesiasticall by vertue of the Queenes Maiesties letters commaunding the same, the xxv. day of January, in the seuenth yeare of the raigne of Oure Soueraigne Lady Elyzabeth, by the grace of God, of Englande, Fraunce and Irelande Queene, defender of the fayth, &c.",Church of England -- Customs and practices.
A00034,99836174,430,STC 1003; ESTC S100330,Free,"Susanna: or, the arraignment of the two vniust elders",Susanna -- (Biblical figure) -- Poetry.
A00044,33143080,28216,STC 10034.7; ESTC S3157,Free,"A declaration of certaine principall articles of religion set out by the order of both archbishops metropolitans, and the rest of the byshops, for the vnitie of doctrine to be taught and holden by all parsons, vicars, and curates aswell in testification of their common consent in the sayde doctrin, to the stopping of the mouthes of them that go about to slaunder the ministers of the church for diuersitie of iudgement, as necessarie for the instruction of their people, to be read by the syd parsons, vicars and curates, at their possession taking or first entrie into their cures, and also after that yeerely at two several times, that is to say, the Sundayes next following Easter day and Saint Michael tharchangell, or on some other Sunday within one moneth after those feastes, immediatly after the gospell.",Church of England. -- Thirty-nine Articles.; Broadsides -- London (England) -- 17th century.
A00049,99853870,19268,STC 1004; ESTC S118663,Free,"Thrifts equipage Viz. fiue diuine and morall meditations, of 1. Frugalitie. 2. Prouidence. 3. Diligence. 4. Labour and care. 5. Death.",Conduct of life -- Early works to 1800.
A00075,99837338,1654,STC 10066; ESTC S101528,Free,"Capitula siue constitutiones ecclesiasticÃŒ_ per Archiepiscopum, episcopos, & reliquum clerum Cantuariensis prouinciÃŒ_ in synodo inchoata Londini vicesimo quinto die mensis Octobris, anno Domini millesimo quingentesimo nonagesimo septimo ... congregatos tractatÃŒ_, ac posteÃŒÃŠ per ipsam Regiam Maiestatem approbatÃŒ_ & confirmatÃŒ_, & vtrÃŒ_que prouinciÃŒ_ tam Cantuariensi quÃŒÃŠm Eboracensi vt diligentiÃŒ_s obseruentur, eadem regia authoritate sub magno Sigillo AngliÃŒ_ promulgatÃŒ_.; Constitutions and canons. 1597",Church of England -- Government -- Early works to 1800.; Ecclesiastical law -- Great Britain -- Early works to 1800.
A00089,99835843,69,STC 10080; ESTC R212834,Free,"Constitutions and canons ecclesiasticall; treated upon by the Archbishops of Canterbury and York, presidents of the convocations for the respective provinces of Canterbury and York, and the rest of the bishops and clergie of those provinces; and agreed upon with the Kings Majesties licence in their severall synods begun at London and York. 1640 ...; Constitutions and canons ecclesiastical",Church of England -- Government -- Early works to 1800.; Ecclesiastical law -- Great Britain -- Early works to 1800.
A00091,99844394,9202,STC 10085; ESTC S108738,Free,Iniunctions gyuen by th [sic] auctoritie of the kynges highnes to the clergie of this his realme; Injunctions. 1538,
A00092,99847167,12190,STC 10086; ESTC S111907,Free,Iniunctions for the clerge Exhibite [blank] die mensis [blank] Anno d[omi]ni M.CCCCC.xxxviii.; Injunctions. 1538,Church of England -- History -- Early works to 1800.; Reformation -- England -- Early works to 1800.
A00102,22841048,25804,STC 10100.3; ESTC S850,Free,"Iniunctions geven by the Quenes Maiestie anno Domini MD.LIX., the fyrst yeare of the raigne of our Soueraigne Lady Quene Elizabeth.",Church of England -- Government.; Ecclesiastical law -- England.
A00156,99851064,16318,STC 1015; ESTC S115847,Free,"In obitum ThomÃŒ_ RhÃŒ_di viri vndequaque meritissimi, et serenissimo regi ab epistolis Latinis epicedium.","Reid, Thomas, d. 1624 -- Poetry -- Early works to 1800.; Funeral sermons -- 17th century."
A00157,99847661,12713,STC 10152; ESTC S112407,Free,"Articles to be enquired of in the visitation of the moste Reuerend father in God, Matthew, by the sufferaunce of God Archebyshop of Canterbury, Primate of all Englande, and Metropolitane in the yeare of oure Lorde God, M, D. LXIII.; Visitation articles. 1563","Church of England -- Early works to 1800.; Visitations, Ecclesiastical -- England -- Early works to 1800."
A00158,22884259,25857,STC 10155.3; ESTC S857,Free,"Articles to be enquired of, within the prouince of Canterburie, in the metropoliticall visitation of the Moste Reuerende Father in God, Edmonde, Archbishop of Canterburie, primate of all Englande, and metropolitane in the xviij yeare of the reygne of our most gracious souereygne Ladie Elizabeth, by the grace of God, Queene of Englande, Fraunce, and Irelande, defender of the fayth, &c.","Church of England -- Pastoral letters and charges.; Visitations, Ecclesiastical -- England."
A00159,24399905,27630,STC 10155.7; ESTC S2631,Free,"Articles to be enquired of within the prouince of Canterburie in the metropoliticall visitation of the most reuerend father in God, Edmond Archbishop of Canterburie, primate of all England and metropolitane in the xxii yeere of the reigne of our most gracious souereigne Ladie Elizabeth, by the grace of God, Queene of England, Fraunce and Ireland, defender of the faith, &c.","Church of England -- Pastoral letters and charges.; Visitations, Ecclesiastical -- England."
A00164,99851065,16319,STC 1016; ESTC S115848,Free,"Lessus in funere Raphaelis Thorii medici et poetÃŒ_ prÃŒ_stantissimi, qui Londini peste extinctus bonis et doctis omnibus triste sui desiderium reliquit, Anno 1625.","Thorius, Raphael, d. 1625 -- Poetry -- Early works to 1800.; Funeral sermons -- 17th century."
A00171,23024568,26095,STC 10182.5; ESTC S2094,Free,"Articles to be enquired of, throughout the whole diocesse of Chichester ministred and giuen in charge to the church-wardens and sidemen within the same diocesse by the reuerend father in God Richard by Gods prouidence Bishop of Chichester, in his generall visitation holden anno Domini 1631.","Church of England -- Pastoral letters and charges.; Visitations, Ecclesiastical -- England."
A00179,20191373,23790,STC 1020.5; ESTC S1525,Free,Merie tales of the made men of Gotam gathered to gether by A.B. of phisike doctour.; Merry tales of the mad men of Gotham.,
A00190,22372238,25483,STC 10227.3; ESTC S422,Free,"Articles to be enquired of, in the ordinarie visitation of the most reuerend father in God, George by Gods providence, Lord Arch-bishop of Canterbury ... holden in the yeere of our Lord God, 1632, and in the two and twenty yeere of His Graces translation.","Church of England -- Pastoral letters and charges.; Visitations, Ecclesiastical -- England."
A00191,24404091,27642,STC 10228.5; ESTC S2637,Free,"Articles to be inquired of the clergie set foorth by the reuerend father in God, Thomas Bishop of Lincoln, in his first visitation for his diocesse, anno Domini 1571.","Church of England -- Government.; Visitations, Ecclesiastical -- England."
A00193,22914254,25865,STC 10230.5; ESTC S863,Free,"Interrogatories to bee enquyred of by the churche-wardens and sworne-menne within the diocesse of Lincolne, and the trueth thereof to be by them vpon their othes duly prese[n]ted vnto the Bishop there or his deputies, at his visitation, nowe to be holden this present yeare of our Lord, 1580 with particular answere to euery interrogatorie.","Church of England -- Pastoral letters and charges.; Visitations, Ecclesiastical -- England."
A00198,99837433,1754,STC 10248; ESTC S101624,Free,Articles to be enquired of in the generall visitation of Edmonde Bisshoppe of London exercised by him the yeare of oure Lorde. 1.5.5.4. in the citie and diocese of London ...; Visitation articles. 1554,"Church of England. -- Diocese of London -- Early works to 1800.; Visitations, Ecclesiastical -- England -- London."
A00201,99852003,17300,STC 10250; ESTC S116787,Free,"Articles to be enquired of in the visitation of the Dioces of London, by the reuerende father in God, Edwyn Bishop of London In the thirtenth yeare of the raigne of our soueraigne ladie Elizabeth, by the grace of God Queene of Englande, Fraunce and Irelande defender of the fayth. &c. 1571.; Visitation articles. 1571","Church of England. -- Diocese of London -- Early works to 1800.; Visitations, Ecclesiastical -- England -- London."
A00211,24438958,27666,STC 10265.5; ESTC S2639,Free,"Articles to be inquired of in the metropoliticall visitation of the most reverend father, VVilliam, by Gods providence, Lord Arch-bishop of Canterbury, primate of all England, and metropolitan in and for the dioces of London, in the yeere of our Lord God 163[blank], and in the [blank] yeere of His Graces translation.","Church of England -- Pastoral letters and charges.; Visitations, Ecclesiastical -- England."
A00214,99837436,1757,STC 10267; ESTC S101627,Free,"Articles to be enquired of vvithin the diocesse of London In the third trienniall visitation of the Right Honourable, and Right Reverend Father in God, William, Lord Bishop of London, Lord High Treasurer of England. Holden in the yeare of our Lord God, 1640; Visitation articles. 1640","Church of England -- Pastoral letters and charges -- Early works to 1800.; Visitations, Ecclesiastical -- England -- London -- Early works to 1800."
A00215,33149764,28485,STC 10268.3; ESTC S3426,Free,"Articles to be inquired of by the minister, churchwardens, and sidemen of euery parish, and precinct, within the archdeaconrie of London according to the speciall direction of certaine letters heretofore sent to the Lord Bishop of London, from the right honourable lords of the Privie Councell.","Church of England -- Pastoral letters and charges.; Anti-Catholicism -- England -- London.; Visitations, Ecclesiastical -- England -- London.; Great Britain -- History -- James I, 1603-1625.; Broadsides -- London (England) -- 17th century."
A00227,99837440,1761,STC 10285; ESTC S101631,Free,"Articles to be inquired of in the visitation to be had in the byshopricke of Norwyche, now vacant in the fourth yere of our most drad souerayn lorde Edwarde the sixte ... by the moste Reuerend father in God, Thomas Archebyshop of Cantorbery, prymate of all England and metropolitan.; Visitation articles. 1549","Church of England. -- Diocese of Norwich -- Early works to 1800.; Visitations, Ecclesiastical -- England -- Norwich."
A00229,99855751,21253,STC 10287; ESTC S120555,Free,"Articles to be enquired of within the dioces of Norwiche, in the metropoliticall visitation of the moste Reuerend father in God, Mathew, by the prouidence of God, Archebyshop of Canterbury Primate of all Englande, and Metropolitane, in the yeare of our Lorde God, M. D. LXVII.; Visitation articles. 1567","Church of England -- Early works to 1800.; Visitations, Ecclesiastical -- England."
A00230,23026350,26103,STC 10289.7; ESTC S2099,Free,"Articles to be inquired of, in the first metropoliticall visitation, of the most reuerend father, Richarde by Gods prouidence, archbushop [sic] of Canterbury, and primat of all Englande in, and for the dioces of Noruuich, in the yeare of our Lorde God 1605, and in the first yeare of His Graces translation.","Church of England -- Pastoral letters and charges.; Visitations, Ecclesiastical -- England."
A00233,99857650,23417,STC 10298; ESTC S122526,Free,"Articles to be inquired of vvithin the dioces of Norwich in the first visitation of the R. Reverend Father in God, Matthevv, Lord Bishop of Norwich.; Visitation articles. 1636","Church of England. -- Diocese of Norwich -- Early works to 1800.; Visitations, Ecclesiastical -- England -- Norwich -- Early works to 1800."
A00234,19999272,23599,STC 1030.7; ESTC S1049,Free,"Newes out of France for the gentlemen of England a stratagem most ventrously attempted, and valiantly atchiued by the French King, the 27. day of Iuly. anno Domini 1591 : wherein is desciphered, what trust His Royall Maiestie reposeth on the valour of the English, and their duetifull seruice vnto him at all assayes : newes also touching 16. shippes taken nigh the hauen of deepe, and the discomfiture of the Popes forces transported into France towards the ayde of the leaguers, both concurring on the 28. of Iuly last past : vvith a report of the princely meeting, and honorable conioyning of the whole power of the French King the sixt day of this present moneth of August, consisting of English, Germane, and his owne people.","France -- History -- Henry IV, 1589-1610."
A00235,99848676,13787,STC 1030; ESTC S113442,Free,"A new song, called Jacke Doues resolution by which he doth show, that he cares not a rush how ere the world goe. To the tune of, To driue the cold winter away.; Jacke Doves resolution","Ballads, English -- 17th century."
A00249,99851842,17134,STC 1032; ESTC S116626,Free,A consolatory letter to all the afflicted Catholikes in England,Catholics -- England.
A00254,22915746,25879,STC 10326.5; ESTC S871,Free,"Iniunctions giuen by the Reuerend Father in Christ John by Gods prouidence, Bishop of Sarisburie [sic], aswel to the cleargie, as to the churche wardens and enquirers of euerye seueral parish, aswel of his peculiar as general iurisdiction within and of the diocesse of Sarum to be obserued and kept of euery of them in their offices and callings, as to them shal appertaine, for the aduauncement of Gods honor, thincrease of vertue, and good order to be continued within his sayd diocesse, and the same to be enquired of and put in vse by all the Archdeacons, commissaries, and other officers excercising ecclesiastical iurisdiction vnder the sayde Bishop according to the limittes of their seueral offices and iurisdictions, in their synodes, visitations, inquiries, and courts.","Church of England -- Pastoral letters and charges.; Visitations, Ecclesiastical -- England."
A00256,23030244,26113,STC 10329.3; ESTC S2106,Free,"Articles to be enquired of, vvithin the Diocesse of Sarisbury, in the first visitation of the right reuerend father in God, Martin, by the prouidence of God, Lord Bishoppe of Sarum holden in the yeere of our Lord God, 1619.","Church of England -- Pastoral letters and charges.; Visitations, Ecclesiastical -- England."
A00257,99852480,17804,STC 1033; ESTC S117265,Free,The true discripcion of a childe with ruffes borne in the parish of Micheham in the cou[n]tie of Surrey in the yeere of our Lord. M.D.LXvi,Skin -- Diseases -- Early works to 1800.; Monsters -- Early works to 1800.
A00259,99854116,19523,STC 1034; ESTC S118909,Free,"Moriemini. A verie profitable sermon preached before her Maiestie at the court, about xiij. yeares since: by H.B.","Sermons, English -- 16th century."
A00260,24450190,27683,STC 10349.5; ESTC S2651,Free,"Articles to be enquired of, by the church-vvardens, and sworne-men, in the visitation of the right worshipfull, the Archdeacon of Surrey","Church of England -- Pastoral letters and charges.; Visitations, Ecclesiastical -- England."
A00261,99839524,3953,STC 1035; ESTC S103779,Free,A bryefe and plaine declaracion of certayne sente[n]ces in this litle boke folowing to satisfie the consciences of them that haue iudged me therby to be a fauourer of the Anabaptistes.; Brife and faythfull declaration of the true fayth of Christ,Protestantism -- Apologetic works -- Early works to 1800.; Christian life -- Protestant authors -- Early works to 1800.; Anabaptists -- Controversial literature -- Early works to 1800.
A00263,22916244,25883,STC 10356.5; ESTC S874,Free,"Articles to be enquired of by the church-wardens and sworne-men, within the diocesse of Winchester in the visitation of the Reuerend Father in God, Thomas Bishop of Winton, in his triennall visitation, holden 1603 in the first yeere of the raigne of Our Most Gracious Soueraigne Lord, Iames by the grace of God King of England, Scotland, France, and Ireland, defender of the faith, &c.","Church of England -- Pastoral letters and charges.; Visitations, Ecclesiastical -- England."
A00265,23030930,26115,STC 10372.2; ESTC S2107,Free,"Articles to be inquired of, by the churchwardens and sworne men within the Archdea[c]onrie of Worcester in the visitation of the R. Worshipful M. Iohn Iohnson Doctor of Divinitie, Archdeacon of the Archdeaconry of Worcester aforesaide, in this present yeare of our Lorde God, 1609.","Church of England -- Pastoral letters and charges.; Visitations, Ecclesiastical -- England."
A00267,99847124,12141,STC 10375; ESTC S111863,Free,"Iniunctions giuen by the most reuerende father in Christ, Edmonde by the prouidence of God, Archbishop of Yorke primate of England, and Metropolitane, in his Metropoliticall visitation of the prouince of Yorke, aswell to the clergie, as to the laytie of the same prouince. Anno do. 1571.; Visitation articles. 1571","Church of England -- Early works to 1800.; Visitations, Ecclesiastical -- England."
A00268,99847128,12146,STC 10376; ESTC S111867,Free,"Articles to be enquired off, within the prouince of Yorke, in the Metropoliticall visitation of the most reuerend father in God Edwin Archbishoppe of Yorke, primate of England and Metropolitane. In the .xix. and .xx. yeare, of the raigne of our most gratious souereigne Lady Elizabeth by the grace of God of England, Fraunce and Ireland Queene, defendor of the fayth, &c. 1577. &. 1578.; Visitation articles. 1577-1578","Church of England -- Early works to 1800.; Visitations, Ecclesiastical -- England."
A00271,99851846,17138,STC 1038; ESTC S116630,Free,"The copy of a letter lately vvritten by a Spanishe gentleman, to his freind in England in refutation of sundry calumnies, there falsly bruited, and spred emonge the people. The originall vvhereof vvas vvritten in Spanish, since the authors being in England, vvho by reason of a ship of those that miscaried of the late Armado, vvas taken, and there detained prisoner, vntill his deliuery by ransome. Now newly translated into Englishe, for the benefite of those (of that nation) that vnderstand not the Spanishe tounge.","Great Britain -- History -- Elizabeth, 1558-1603 -- Early works to 1800."
A00275,99847131,12149,STC 10389; ESTC S111870,Free,To my faythfull bretheren now affycted ...,Church vestments -- England -- Early works to 1800.
A00277,99847135,12155,STC 10390; ESTC S111875,Free,"To my louynge brethren that is troublyd abowt the popishe aparrell, two short and comfortable epistels. Be ye constant: for the Lorde shall fyght for yow, yowrs in Christ",Church vestments -- England -- Early works to 1800.
A00281,99836929,1225,STC 10393; ESTC S101105,Free,A defense of the ecclesiasticall regiment in Englande defaced by T. C. in his replie agaynst D. VVhitgifte. Seene and allowed according to the order appoynted in the Queenes Maiesties iniunctions.,"Cartwright, Thomas, 1535-1603. -- Replye to an answere made of M. Doctor Whitgifte -- Controversial literature -- Early works to 1800.; Whitgift, John, 1530?-1604.; Church of England -- Discipline -- Early works to 1800."
A00283,99847149,12169,STC 10395; ESTC S111889,Free,"A briefe and plaine declaration, concerning the desires of all those faithfull ministers, that haue and do seeke for the discipline and reformation of the Church of Englande which may serue for a iust apologie, against the false accusations and slaunders of their aduersaries.",Church of England -- Government -- Early works to 1800.; Reformation -- England -- Early works to 1800.
A00285,23031208,26117,STC 10404.7; ESTC S124184,Free,Instructions for the clergie,Church of England -- Clergy.
A00287,33143102,28231,STC 10406.5; ESTC S3172,Free,"The effect of a bill exhibited in Parliament by Sir Francis Englefield, Barronet",England and Wales. -- Court of Chancery -- Cases.; Broadsides -- London (England) -- 17th century.
A00289,99835829,54,STC 10406; ESTC R212270,Free,"A very lively portrayture, of the most reverend arch-bishops, the right reverend bs. of the Church of England set forth in XX. irrefragable positions, concerning their authority, power, and practise, as they onely are our diocesan lord bishops, so grounded upon Scripture, reason, and experience, by evident demonstrative practises, as their troublesome opposites, may cleerely see, how greatly they are deceived in all these. A labour undertaken for the peace of all Gods people, and for a just condemnation of al those, that cause division, and offences, contrary to the doctrine and discipline of Christs Church.","Church of England -- Bishops -- Controversial literature -- Early works to 1800.; Church of England -- History, (17th century) -- Early works to 1800."
A00293,99855427,20920,STC 10413; ESTC S120228,Free,"A most sweet song of an English merchant, borne at Chichester To an excellent new tune.","Ballads, English -- 17th century."
A00301,99837460,1781,STC 10423; ESTC S101652,Free,"The manuell of Epictetus, translated out of Greeke into French, and now into English, conferred with two Latine translations. Herevnto are annexed annotations, and also the apothegs of the same author. By Ia. Sanford; Manual. English","Ethics, Ancient."
A00303,99837454,1775,STC 10425; ESTC S101646,Free,"Epictetus his manuall. And Cebes his table. Out of the Greeke originall, by Io: Healey; Manual. English","Ethics, Ancient -- Early works to 1800."
A00313,24457166,27691,STC 10441.5; ESTC S2657,Free,Adagia in Latine and English containing five hundred proverbs : very profitable for the vse of those who aspire to further perfection in the Latine tongue.; Adagia. Latin & English. Selections. 1621,Proverbs.
A00316,99841226,5790,STC 10443; ESTC S105498,Free,"Apophthegmes that is to saie, prompte, quicke, wittie and sentencious saiynges, of certain emperours, kynges, capitaines, philosophiers and oratours, aswell Grekes, as Romaines, bothe veraye pleasaunt [et] profitable to reade, partely for all maner of persones, [et] especially gentlemen. First gathered and compiled in Latine by the ryght famous clerke Maister Erasmus of Roterodame. And now translated into Englyshe by Nicolas Vdall.; Apophthegmata. English",Aphorisms and apothegms.
A00320,99837483,1808,STC 10449; ESTC S101675,Free,Bellum ErasmiÃ¥Ã¡ Translated into englyshe; Adagia. Chil. IV Cent. I. English,War -- Early works to 1800.
A00321,23225987,26402,STC 1045.5; ESTC S4124,Free,"The psalme of mercy, or, A meditation vpon the 51. psalme by a true penitent.",Miserere -- Meditations.
A00325,99854394,19813,STC 10450.6; ESTC S119187,Free,Familiarium colloquiorum formulae. Et alia quedam per Erasmu[m] recognita; Colloquia. Selections,"Dialogues, Latin (Medieval and modern) -- Early works to 1800."
A00327,99841254,5823,STC 10450; ESTC S105526,Free,"The censure and iudgement of the famous clark Erasmus of Roterodam: whyther dyuorsemente betwene man and wyfe stondeth with the lawe of God With diuers causes wherfore it is permitted, with the mynde of the olde doctours, wrytten by the said Erasmus in the booke of his Annotations, vpon these wordes of Paule. i. cor, vii. She is delyuered fro[m] the bond of the lawe, let her marry to whom she wyll, translated by Nycolas Lesse.; Annotationes in Novum Testamentum. English. Selections",Divorce -- Early works to 1800.
A00329,99853331,18711,STC 10453.5; ESTC S118122,Free,[Ye dyaloge called Funus]; Colloquia. Selections,Death -- Early works to 1800.
A00331,99846697,11684,STC 10454; ESTC S111331,Free,"A dialoge or communication of two persons deuysyd and set forthe in the late[n] tonge, by the noble and famose clarke. Desiderius Erasmus intituled [the] pylgremage of pure deuotyon. Newly tra[n]slatyd into Englishe.; Colloquia. English. Selections","Dialogues, English -- Early works to 1800."
A00332,99850775,16001,STC 10455; ESTC S115556,Free,"A mery dialogue, declaringe the propertyes of shrowde shrewes, and honest wyues not onelie verie pleasaunte, but also not a lytle profitable: made by ye famous clerke D. Erasmus Roterodamus. Translated into Englyshe.",Marriage -- Early works to 1800.; Husband and wife -- Early works to 1800.; Women -- Early works to 1800.
A00333,99857014,22673,STC 10457; ESTC S121852,Free,Seven dialogues both pithie and profitable The 1 is of the right vse of things indifferent. 2 sheweth what comfort poperie affordeth in time of daunger. 3 is betweene a good woman and a shrew. 4 is of the conversion of a harlot. 5 is of putting forth children to nurse. 6 is of a popish pilgrimage. 7 is of a popish funerall. By W.B.; Colloquia. English. Selections,"Dialogues, Latin (Medieval and modern) -- Translations into English -- Early works to 1800."
A00338,99848668,13778,STC 10460; ESTC S113434,Free,"A very pleasaunt [and] fruitful diologe called the Epicure, made by that famous clerke Erasmus of Roterodame, newly translated. 1545; Colloquia. English. Selections","Dialogues, English -- Early works to 1800."
A00341,99851453,16727,STC 10465.5; ESTC S116236,Free,The comparation of a vyrgin and a martyr; Virginis et martyris comparatio. English,Virginity -- Early works to 1800.
A00342,99855770,21272,STC 10466; ESTC S120574,Free,"The complaint of peace. Wryten in Latyn, by the famous clerke, Erasimus [sic] Roterodamus. And nuely translated into Englyshe by Thomas Paynell.; Querela pacis. Selections. English",Peace -- Early works to 1800.
A00344,99841255,5824,STC 10467; ESTC S105527,Free,"De ciuilitate morun [sic] puerilium per Des. Erasmum Roterodamum, libellus nunc primum & conditus & ÃŒ_ditus. Roberto VVhitintoni interprete. = A lytell booke of good maners for chyldren, nowe lately compyled and put forth by Erasmus Roterodam in latyne tonge, with interpretacion of the same in to the vulgare englysshe tonge, by Robert whytyngton laureate poete. Cum priuilegio; De civilitate morum puerilium. English and Latin","Etiquette, Medieval -- Early works to 1800.; Etiquette for children and teenagers -- Early works to 1800."
A00350,22918687,25891,STC 10470.8; ESTC S878,Free,De co[n]temptu mundi The dispisyng of the worlde / co[m]piled in Latyn by Erasmus Rot. ; and translated in to Englyshe by Thomas Paynell ...,Asceticism.; Monasticism and religious orders.
A00354,99841256,5825,STC 10473.5; ESTC S105528,Free,"Declamatio in laudem nobilissimÃŒ_ artis medicinÃŒ_. = A declamacion in the prayse and co[m]me[n]dation of the most hygh and excellent science of phisyke, made by the ryght famous clerke doctour Erasmus of Rotherdam, and newly translated out of Latyn into Englyshe. Cum priuilegio regali; De laude medicinae. English",Medicine -- Early works to 1800.
A00356,99845455,10357,STC 10474; ESTC S109811,Free,"De immensa dei misericordia. A sermon of the excedynge great mercy of god, / made by ye moste famous doctour maister Eras. Rot. Translated out of Latine into Englisshe, at the request of the moste honorable and vertuous lady, the lady Margaret Countese of Salisbury.; De misericordia Domini English",God -- Mercy -- Early works to 1800.
A00358,23037037,26128,STC 10476.3; ESTC S2113,Free,A treatise perswadynge a man patientlye to suffre the deth of his frende; De morte declamatio. English,Death -- Early works to 1800.
A00361,99844956,9815,STC 10477; ESTC S109306,Free,"A deuoute treatise vpon the Pater noster, made fyrst in latyn by the moost famous doctour mayster Erasmus Roterodamus, and tourned in to englisshe by a yong vertuous and well lerned gentylwoman of. xix. yere of age",Lord's prayer -- Early works to 1800.
A00363,99841222,5786,STC 10479; ESTC S105494,Free,"A booke called in latyn Enchiridion militis christiani, and in englysshe the manuell of the christen knyght replenysshed with moste holsome preceptes, made by the famous clerke Erasmus of Roterdame, to the whiche is added a newe and meruaylous profytable preface.; Enchiridion militis Christiani. English","Spiritual life -- Modern period, 1500-."
A00364,99836219,477,STC 1048; ESTC S100377,Free,"A letter sent by I.B. Gentleman vnto his very frende Maystet [sic] R.C. Esquire vvherin is conteined a large discourse of the peopling & inhabiting the cuntrie called the Ardes, and other adiacent in the north of Ireland, and taken in hand by Sir Thomas Smith one of the Queenes Maiesties priuie Counsel, and Thomas Smith Esquire, his sonne.","Smith, Thomas, -- Sir, 1513-1577 -- Early works to 1800.; Smith, Thomas, -- Sir, ca. 1556-1609 -- Early works to 1800.; Ireland -- Politics and government -- 16th century -- Early works to 1800.; Ireland -- Foreign relations -- England -- Early works to 1800.; England -- Foreign relations -- Ireland -- Early works to 1800."
A00374,99845541,10446,STC 10488; ESTC S109902,Free,A shorte recapitulacion or abrigement of Erasmus Enchiridion brefely comprehendinge the summe and contents therof. Very profitable and necessary to be rede of all trew Christen men. Drawne out by M. Couerdale Anno. 1545; Enchiridion militis Christiani. English. Abridgments,"Spiritual life -- Modern period, 1500-."
A00375,99837492,1817,STC 10489; ESTC S101684,Free,"An epystell of ye famous doctor Erasm[us] of Roterdam vnto the reuerende father & excellent prince, Christofer bysshop of Basyle, co[n]cernyng the forbedynge of eatynge of flesshe, and lyke constitutyons of men. &c.; De interdicto esu carnium. English",Vegetarianism -- Religious aspects -- Early works to 1800.
A00376,99845544,10449,STC 10490; ESTC S109905,Free,"An epistle of the famous clerke Erasmus of Roterodame, concernynge the veryte of the sacrament of Christes body and bloude whyche epistle is set before the excellent boke, intytuled D. Algeri De veritate corporis et sanguinis dominici in Eucharistia.)[sic] which boke was made by the sayd Algerus aboute fyue hondred yeared passed. And nowe of late yeares, hath agayne ben ouer seen and reuysyted, by the sayde famous clerke Erasmus of Roterodame, and dedycated by hym, unto the Reuerende father Balthasar bysshop of Hyldesyn. This present epistle of Erasmus makynge is to be founde oute, in the great volume of all his epistles, pagina, 1577. Hauynge this lytell wrytynge ouer it. In Algerum.",Lord's Supper -- Early works to 1800.
A00377,99841259,5828,STC 10492; ESTC S105531,Free,"A ryght frutefull epystle, deuysed by the moste excellent clerke Erasmns [sic], in laude and prayse of matrymony, translated in to Englyshe, by Rychard Tauernour, which translation he hathe dedicate to the ryght honorable Mayster Thomas Cromwel most worthy counseloure to our souerayne lorde kyng Henry the eyght. Cum priuilegio regali; Matrimonii encomium. English",Marriage -- Early works to 1800.
A00378,99845547,10452,STC 10493; ESTC S109910,Free,"An exhortation to the diligent studye of scripture, made by Erasmus Roterodamus. And tra[n]slated in to inglissh. An exposition in to the seventh chaptre of the first pistle to the Corinthians; Paraclesis. English","Bible. -- N.T. -- Corinthians, 1st VII -- Commentaries -- Early works to 1800."
A00380,99845556,10463,STC 10495; ESTC S109924,Free,An exposicyon of the .xv. psalme made by mayster Erasmus of Rotherdame in whiche is full purely declared the pure and clene behauoure that ought to be in the pure churche of Chryst which is the multytude of all trewe chrysten people; De puritate ecclesiae Christi. English,"Bible. -- O.T. -- Psalms -- Criticism, interpretation, etc. -- Early works to 1800."
A00381,99845562,10469,STC 10498; ESTC S109931,Free,"A lytle treatise of the maner and forme of confession, made by the most excellent and famous clerke, M. Eras. of Roterdame; Exomologesis. English",Confession -- Early works to 1800.
A00384,99837493,1818,STC 10500; ESTC S101685,Free,The praise of folie. = MoriÃŒ_ encomium a booke made in latine by that great clerke Erasmus Roterodame. Englisshed by sir Thomas Chaloner knight.; Moriae encomium. English,Folly -- Early works to 1800.
A00386,99845570,10477,STC 10503; ESTC S109940,Free,The paraphrase of Erasm[us] Roterdame vpon [the] epistle of sai[n]t Paule vnto his discyple Titus lately tra[n]slated into englysshe and fyrste a goodly prologue; Paraphrases in Novum Testamentum. English. Selections,
A00387,99837506,1832,STC 10504; ESTC S101698,Free,"A playne and godly exposytion or declaratio[n] of the co[m]mune crede (which in the Latin tonge is called Symbolum Apostolorum) and of the. x. co[m]maundementes of goddes law, newly made and put forth by the famouse clarke, Mayster. Erasmus of Roterdame, at the requeste of the moste honorable lorde, Thomas Erle of wyltshyre: father to the moste gratious and vertuous Quene Anne wyf to our most gracyous soueraygne lorde kynge Henry the. viii. Cum priuilegio.; Catechismus. English",Creeds -- Early works to 1800.; Ten commandments -- Early works to 1800.
A00389,99851462,16736,STC 10505; ESTC S116245,Free,"Preparation to deathe A booke as deuout as eloquent, compiled by Erasmus Roterodame.; De praeparatione ad mortem. English",Death -- Early works to 1800.
A00391,99855852,21359,STC 10507; ESTC S120657,Free,"Here folowith a scorneful image or monstrus shape of a maruelous stra[n]ge fygure called, Sileni alcibiadis presentyng ye state [and] condicio[n] of this present world, [and] inespeciall of the spiritualite how farre they be from ye perfite trade and lyfe of Criste, wryte[n] in the laten tonge, by that famous clarke Erasmus, [and] lately translated in to Englyshe.; Adagia. Chil. III Cent. III. English",War -- Early works to 1800.
A00392,99837514,1840,STC 10508; ESTC S101706,Free,A sermon made: by the famous doctor Erasmus of Roterodame; Liturgia Virginis Lauretanae. English,"Sermons, English -- 16th century."
A00393,99845591,10500,STC 10509; ESTC S109962,Free,[A ryght excellent sermon and full of frute and edificacyon of the chylde Jesus.]; Concio de puero Jesu. English,"Sermons, English -- 16th century."
A00395,99855653,21155,STC 10511.5; ESTC S120456,Free,"The great mystery of godliness Jesus Christ our Lord God and man, and man with God; one in Jesus Christ our Lord. By Mr. Erbury minister of the word.",Jesus Christ -- Mystical body -- Early works to 1800.
A00397,99847516,12553,STC 10512; ESTC S112258,Free,"A declaration and catholick exhortation to all Christian princes to succour the Church of God and realme of France. Written by Peter Erondelle, natife of Normandie. Faithfully translated out of the French","France -- History -- HenryIII, 1574-1589 -- Early works to 1800.; France -- Church History -- Early works to 1800."
A00400,99837510,1836,STC 10529; ESTC S101702,Free,"A discourse of the nauigation which the Portugales doe make to the realmes and prouinces of the east partes of the worlde and of the knowledge that growes by them of the great thinges, which are in the dominions of China. Written by Barnardine of Escalanta, of the realme of Galisia priest. Translated out of Spanish into English, by Iohn Frampton.; Discurso de la navegacion que los portugueses hazen ÃŒÃŠ los reinos y provincias del Oriente. English","Asia -- Description and travel -- Early works to 1800.; Portugal -- History -- Period of discoveries, 1385-1580 -- Early works to 1800."
A00401,99845963,10896,STC 1053; ESTC S110413,Free,"The triall of true friendship or perfit mirror, wherby to discerne a trustie friend from a flattering parasite. Otherwise, A knacke to know a knaue from an honest man: by a perfit mirrour of both: soothly to say; trie ere you trust; beleeue no man rashly. No lesse profitable in obseruing, then pleasant in reading. By M.B.",Conduct of life -- Early works to 1800.
A00402,99847687,12741,STC 10532; ESTC S112433,Free,"Wonderfull newes of the death of Paule the. iii. last byshop of Rome [and] of diuerse thynges that after his death haue happened, wherein is trulye set ... the abominable actes of his most mischeuous life. Written in Latin by. P. Esquillus, and Englyshed by W. B. Londoner.; Epistola de morte","Paul, -- III, -- Popec1468-1549 -- Early works to 1800.; Catholic Church -- Clergy -- Controversial literature -- Early works to 1800."
A00403,24459255,27698,STC 10533.3; ESTC S2659,Free,At a generall asse[m]blie of the iustices of the pea[ce] ...,Hotels -- England -- Essex.; Bars (Drinking establishments) -- England -- Essex.; Taverns (Inns) -- England -- Essex.; Essex (England) -- History.
A00405,99853787,19183,STC 10536.5; ESTC S118580,Free,Sathans sowing season. By William Est minister and preacher of Gods word in Bydeford.,"Devil -- Early works to 1800.; Theology, Doctrinal -- Early works to 1800."
A00408,99853788,19184,STC 10538; ESTC S118581,Free,"The triall of true teares. Or the summons to repentance whereby the secure sinner is taught how to escape the terrible sentence of the supreame iudge. Meditated vpon Christes weeping ouer Ierusalem, very necessarie for these present times. By William Est, Maister of Arts, and preacher of Gods Word.","Bible. -- N.T. -- Luke XIX, 41-44 -- Early works to 1800.; Repentance -- Early works to 1800."
A00412,99837496,1821,STC 10541; ESTC S101688,Free,"The contempte of the vvorld, and the vanitie thereof, written by the reuerent F. Diego de Stella, of the order of S. Fr. deuided into three bookes, and of late translated out of Italian into Englishe, vvith conuenient tables in the end of the booke; Vanidad del mundo. English",Asceticism -- Early works to 1800.
A00414,99849740,14907,STC 10543; ESTC S114515,Free,"A methode vnto mortification: called heretofore, the contempt of the world, and the vanitie thereof Written at the first in the Spanish, afterward translated into the Italian, English, and Latine tongues: now last of all perused at the request of some of his godly friends, and as may bee most for the benefite of this Church, reformed and published by Thomas Rogers. Allowed by authoritie.; Vanidad del mundo. English",Spiritual life -- Catholic Church -- Early works to 1800.
A00419,99856540,22109,STC 10549; ESTC S121357,Free,"Maison rustique, or The countrey farmeÃ¥Ã¡ Compyled in the French tongue by Charles Steuens, and Iohn Liebault, Doctors of Physicke. And translated into English by Richard Surflet, practitioner in physicke. Now newly reuiewed, corrected, and augmented, with diuers large additions, out of the works of Serres his Agriculture, Vinet his Maison champestre, French. Albyterio in Spanish, Grilli in Italian; and other authors. And the husbandrie of France, Italie, and Spaine, reconciled and made to agree with ours here in England: by Geruase Markham. The whole contents are in the page following; Agriculture et maison rustique. English",Agriculture -- Early works to 1800.; Hunting -- Early works to 1800.
A00423,99837550,1877,STC 10552; ESTC S101744,Free,"The stage of popish toyes conteining both tragicall and comicall partes: played by the Romishe roysters of former age: notably describing them by degrees in their colours. Collected out of H. Stephanus in his Apologie vpon Herodot. With a friendlie forewarning to our Catelin Catholikes: and a brief admonition, of the sundrie benefites we receiue by hir Ma: blessed gouernement ouer vs. Compyled by G.N.; Apologia pro Herodoto. English. Selections",Catholic Church -- Controversial literature.
A00426,99857357,23080,STC 10558; ESTC S122205,Free,"A learned and godly sermon preached on the XIX. day of December, anno Dom. MDCXXXI. at the funerall of Mr. Robert Bolton Batchelour in Divinity and minister of Broughton in Northampton-Shire. By Mr. Nicolas Estvvick, Batchelour in Divinity, and sometimes fellow of Christs College in Cambridge, and now minister of Warkton in Northampton-Shire. Revised and somewhat enlarged by the author, and now at the importunity of some friends published","Bolton, Robert, 1572-1631.; Funeral sermons -- Early works to 1800.; Sermons, English -- 17th century."
A00429,99842412,7062,STC 10560; ESTC S106699,Free,"The elements of geometrie of the most auncient philosopher Euclide of Megara. Faithfully (now first) translated into the Englishe toung, by H. Billingsley, citizen of London. Whereunto are annexed certaine scholies, annotations, and inuentions, of the best mathematiciens, both of time past, and in this our age. With a very fruitfull prÃŒ_face made by M. I. Dee, specifying the chiefe mathematicall scie[n]ces, what they are, and wherunto commodious: where, also, are disclosed certaine new secrets mathematicall and mechanicall, vntill these our daies, greatly missed; Elements. English",Geometry -- Early works to 1800.
A00430,99837551,1878,STC 10561; ESTC S101746,Free,"Catholique traditions. Or A treatise of the beliefe of the Christians of Asia, Europa, and Africa, in the principall controuersies of our time In fauour of the louers of the catholicke trueth, and the peace of the Church. Written in French by Th. A.I.C. and translated into English, by L.O.; Tradition catholique. English","Theology, Doctrinal -- Early works to 1800."
A00437,99837582,1914,STC 10566; ESTC S101779,Free,"The lyves, of philosophers and oratours: vvritten in Greeke, by Eunapius, of the cittie of Sardeis in Lydia. Brought into light, translated into Latine, and dedicated to the Queenes most excellent Maiestie, our moste gracious princesse and soueraigne, Queene Elizabeth. By the great learned man, Hadrianus Iunius Hornanus. 1568. And now set foorth in English, at his request: and dedicated to the right Honourable, the Lord Chauncellour of England. 1579; Vitae sophistarum. English",
A00439,99849834,15006,STC 10570; ESTC S114609,Free,"Querimonia EuropÃŒ_ diuisa in libros duos, quorum jam exit primus.","Latin poetry, Medieval and modern -- Early works to 1800."
A00440,99856557,22127,STC 10572; ESTC S121374,Free,"The auncient ecclesiasticall histories of the first six hundred yeares after Christ, wrytten in the Greeke tongue by three learned historiographers, Eusebius, Socrates, and Euagrius. Eusebius Pamphilus Bishop of CÃŒ_sarea in PalÃŒ_stina vvrote 10 bookes. Socrates Scholasticus of Constantinople vvrote 7 bookes. Euagrius Scholasticus of Antioch vvrote 6 bookes. VVhereunto is annexed Dorotheus Bishop of Tyrus, of the liues of the prophetes, apostles and 70 disciples. All which authors are faithfully translated out of the Greeke tongue by Meredith Hanmer, Maister of Arte and student in diuinitie. Last of all herein is contayned a profitable chronographie collected by the sayd translator, the title whereof is to be seene in the ende of this volume, with a copious index of the principall matters throughout all the histories; Ecclesiastical history. English","Church history -- Primitive and early church, ca. 30-600 -- Early works to 1800."
A00446,99837597,1929,STC 10579; ESTC S101794,Free,"A briefe chronicle, where in are described shortlye the originall, and the successiue estate of the Romaine weale publique the alteratyon and chaunge of sondrye offices in the same: the order and successyon of the kinges, consuls and emperoures therof, together wyth sondry gestes & actes of many famous princes and valiaunt captaines, from the first foundatyon of the city of Rome, vnto the. M.C. and. xix. yeare there of consequently: ryght plesant and profitable to be red, marked and folowed of all men. Collected and gathered first by Eutropius, and Englished by Nicolas Havvard, studiente of Thauies In. Anno. 1564.; Breviarium ab urbe condita. English",Rome -- History -- Early works to 1800.
A00448,99849835,15007,STC 10583; ESTC S114610,Free,"Verba dierum, or, The dayes report of Gods glory As it hath beene delivered some yeeres since, at foure sermons, or lectures vpon one text, in the famous University of Oxford; and since that time somewhat augmented; and is now commended vnto all times to be augmented and amended. By Edward Evans, priest and minister of the Lord our God.","Bible. -- O.T. -- Psalms XIX -- Commentaries -- Early works to 1800.; Sermons, English -- 17th century."
A00452,99856038,21554,STC 10586; ESTC S120845,Free,"The sacrifice of a contrite heart in teares, meditations, and prayers. Penned by Iohn Euans minister of Gods word.","Sermons, English -- 17th century.; Prayers -- Early works to 1800."
A00454,99853534,18919,STC 10588; ESTC S118327,Free,[The abridgement of logique],Logic -- Early works to 1800.
A00455,99837587,1919,STC 10589; ESTC S101784,Free,A brieue admonition vnto the nowe made ministers of Englande wherein is shewed some of the fruicte of this theyr late framed fayth: made by Lewys Euans student in Louain. 24. Aug. 1565.,Church of England -- Clergy -- Early works to 1800.
A00457,99837572,1904,STC 10590; ESTC S101769,Free,"The castle of Christianitie detecting the long erring estate, asvvell of the Romaine Church, as of the Byshop of Rome: together with the defence of the catholique faith: set forth, by Lewys Euans.",Catholic Church -- Controversial literature.
A00458,99837575,1907,STC 10591; ESTC S101772,Free,"The hatefull hypocrisie, and rebellion of the Romishe prelacie. By Lewys Euans",Catholic Church -- Controversial literature.
A00459,99850013,15196,STC 10595; ESTC S114790,Free,"The Christian conflict and conquest set forth in a sermon at Pauls-crosse, upon Sunday the 19th of Iuly, 1635. By W.E.B.D. of St Mary Hall in Oxford","Sermons, English -- 17th century -- Early works to 1800."
A00460,99841287,5861,STC 10597.5; ESTC S105560,Free,Pietatis lachrymÃŒ_. = Teares of deuotion,
A00461,99849844,15016,STC 10598; ESTC S114619,Free,"The arriereban a sermon preached to the company of the military yarde, at St. Andrewes Church in Holborne at St. Iames his day last. By Iohn Everarde student in Diuinity, and lecturer at Saint Martins in the fields.","Sermons, English -- 17th century."
A00462,99849847,15019,STC 10599; ESTC S114622,Free,"Somewhat vvritten by occasion of three sunnes seene at Tregnie in Cornewall, the 22. of December last. With other memorable occurents in other places.","Marvelous, The -- Early works to 1800."
A00465,99857160,22843,STC 10600; ESTC S122007,Free,"Britanno-Romanus, siue Angligenarum in Collegio Romano vitÃŒ_ ratio. Autore, Iohanne Euerardo","Venerable English College (Rome, Italy) -- Early works to 1800.; Catholic Church -- Controversial literature -- Early works to 1800.; Catholics -- England -- Early works to 1800."
A00472,99837603,1935,STC 10607; ESTC S101800,Free,"The duetie of a faithfull and wise magistrate, in preseruing and deliuering of the eommon [sic] wealth from infection, in the time of the plague or pestilence two bookes. Written in Latine by Iohn Ewich, ordinary phisition of the woorthie common wealth of Breame, and newlie turned into English by Iohn Stockwood schoolemaister of Tunbridge. ...; De officio fidelis et prudentis magistratus tempore pestilentiae rempublican a contagio praeservandi liberandique. English",Plague -- Government policy -- Early works to 1800.
A00475,99849864,15036,STC 10610.5; ESTC S114639,Free,"A most notable example of an vngracious son, who in the pride of his heart denyed his owne father and how God for his offence, turned his meat into loathsome toades. To the tune of Lord Darley.; Most notable and worthy example of an ungratious sonne, who in the pride of his hart denied his owne father.","Ballads, English -- 17th century."
A00476,99857028,22695,STC 10610; ESTC S121868,Free,"A most notable and worthy example of an vngratious sonne, who in the pride of his hart denied his owne father and how God for his offence turned his meate into loathsome toades. To the tune of Lord Darley.",
A00477,99850019,15202,STC 10611; ESTC S114796,Free,"The most rare, strange and wonderfull example of Almightie God, shewed in the citie of Telonne in Prouence, on a cruell Papisticall bishop with the preseruation of the ladie Deormoga, whose life he vowed to haue, his miserable and lamentable ende, and may serue for a most strange example. Also the burning of the church at Argere, with diuers hurts done by lightning, buring a ship of bread and corne, arrested by the gouernour, bound for the reliefe of Telonne, With the great plague of rattes, that filled the whole cittie, a warning to let vs all know our heauenly Father and redeemer, and to repent vs of our sinnes. Witnesse these whose names are here set downe: Iacob Iohnson of Dort in Holland. Peter van Haget of Ancusa marchant. Martin Philips pilot of Dort.","Deormoga, -- Madam."
A00478,99849867,15039,STC 10612; ESTC S114642,Free,"A worthy example of a vertuous wife who fed her father with her own milk, being condemned to be famished to death and after was pardoned by the Emperor. To the tune of Flying fame.","Ballads, English -- 17th century."
A00483,99845132,10017,STC 10620; ESTC S109485,Free,"An exhortation vnto prayer thought mete by the kinges maiestie, and his clergy, to be read to the people in euery church afore processyions. Also a letanie with suffrages to be said or song in the tyme of the said processyons.",Prayer -- Early works to 1800.
A00489,99842419,7069,STC 10627; ESTC S106706,Free,A good exhortation to euery man what he should doo when he goeth to bed and when he riseth To a new northen tune.,
A00499,29733692,28092,STC 10634.6; ESTC S3032,Free,An extract translated out of the French copie and taken out of the registers of the French kings priuie councell.,Woolen goods industry -- France -- Rouen.; France -- Commerce -- England.; Great Britain -- Commerce -- France.; Broadsides -- London (England) -- 16th century.
A00505,99837606,1938,STC 10638; ESTC S101803,Free,"A discouery of the great subtiltie and wonderful wisedome of the Italians whereby they beare sway ouer the most part of Christendome, and cunninglie behaue themselues to fetch the quintescence out of the peoples purses: discoursing at large the meanes, howe they prosecute and continue the same: and last of all, conuenient remedies to preuent all their pollicies herein.; TraitÃŒÂ© de la grande prudence et subtilitÃŒÂ© des Italiens. English",Catholic Church -- Controversial literature.; Italy
A00508,99840185,4661,STC 1064; ESTC S104447,Free,"The difference betwene the auncient phisicke, first taught by the godly forefathers, consisting in vnitie peace and concord: and the latter phisicke proceeding from idolaters, ethnickes, and heathen: as Gallen, and such other consisting in dualitie, discorde, and contrarietie And wherein the naturall philosophie of Aristotle doth differ from the trueth of Gods worde, and is iniurious to Christianitie and sounde doctrine. By R.B. Esquire.","Aristotle -- Early works to 1800.; Medicine -- Religious aspects -- Early works to 1800.; Medicine, Ancient -- Early works to 1800."
A00510,99852090,17395,STC 10644; ESTC S116875,Free,"A sermon preached at Ashby De-la-zouch in the countie of Leicester at the funerall of the truely noble and vertuous lady Elizabeth Stanley one of the daughters and coheires of the Right Honourable Ferdinand late Earle of Derby, and late wife to Henrie Earle of Huntingdon the fifth earle of that familie. The 9. of February. Anno Dom. 1633. By I.F.","Huntingdon, Elizabeth Hastings, -- countess of, 1586-1633.; Funeral sermons."
A00514,99851074,16329,STC 1065; ESTC S115857,Free,"The yong mans gleanings Gathered out of diuers most zealous and deuout fathers, and now published for the benefit of euerie Christian man, which wisheth good successe to his soule at the later day. Containing these foure subiects. 1 Of the mortality of man. 2 The poore mans harbour. 3 The mirror of vaine-glory. 4 Saint Barnards sermon on the passion of Christ. Whereunto is adioyned a most sweete and comfortable hymne, expressing the euerlasting ioy of a glorified soule. By R.B. gent.","Bernard, -- of Clairvaux, Saint, 1090 or 91-1153 -- Early works to 1800.; Fathers of the church -- Popular works -- Early works to 1800.; Christian literature -- Early works to 1800."
A00518,99853162,18531,STC 10653; ESTC S117953,Free,"The copie of a letter sent from sea by a gentleman who was employed in discouerie on the coast of Spaine by appointment of the generals of our English fleete, to a worshipfull friend of his. Aduertising him of such things as he came to knowledge of in the same discouerie.","Armada, 1588 -- Early works to 1800."
A00519,99849883,15055,STC 10654; ESTC S114658,Free,"A fooles bolt is soone shot Good friends beware, I'me like to hit yee, what ere you be heer's that will fit yee; which way soeuer that you goe, at you I ayme my bolt and bowe. To the tune of, Oh no no no not yet.","Ballads, English -- 17th century."
A00522,99847059,12066,STC 10657; ESTC S111789,Free,"An oration of Ihon Fabritius Montanus VVherby he teacheth that Christian men cannot resorte to the Councel of Trent, without committing an haynous offence. Englyshed by L.A.",Council of Trent (1545-1563) -- Early works to 1800.
A00525,99856552,22122,STC 10660; ESTC S121369,Free,"Fabyans cronycle newly prynted, wyth the cronycle, actes, and dedes done in the tyme of the reygne of the moste excellent prynce kynge Henry the vii. father vnto our most drad souerayne lord kynge Henry the .viii. To whom be all honour, reuere[n]ce, and ioyfull contynaunce of his prosperous reygne, to the pleasure of god and weale of this his realme amen; Chronicle","Great Britain -- History -- To 1485 -- Early works to 1800.; Great Britain -- History -- Tudors, 1485-1603 -- Early works to 1800.; France -- History -- Early works to 1800."
A00527,99849909,15082,STC 10665; ESTC S114685,Free,"Speculum ÃŒ_grotorum. The sicke-mens glasse or, A plaine introduction wherby one may giue a true, and infallible iudgement, of the life or death of a sicke bodie, the originall cause of the griefe, how he is tormented and afflicted, what thinges are medicinable to the diseased person: and the day and houre in which he shall recouer, or surrender his vitall breath. Whereunto is annexed a treatise of the foure humors, and how they are ingendered and distributed in our humane bodies: with certaine and manifest signes to discerne of what complexion any man is: and the operation that eating, drinking rest and exercise, worketh in euery person: with certaine speciall preseruatiues for the eye-sight. Composed by Iohn Fage, student in phisicke, and practitioner in astrologie.",Medicine -- Early works to 1800.; Astrology -- Early works to 1800.
A00535,99849912,15085,STC 10675; ESTC S114688,Free,"A briefe refutation of Iohn Traskes iudaical and nouel fancyes Stiling himselfe Minister of Gods Word, imprisoned for the lawes eternall perfection, or God's lawes perfect eternity. By B. D. Catholike Deuine.","Traske, John, d. ca. 1638.; Jews -- Dietary laws -- Early works to 1800.; Sabbath -- Early works to 1800."